<?xml version="1.0" encoding="UTF-8"?><metadata>
    <idinfo>
        <citation>
            <citeinfo>
                <pubdate>unknown</pubdate>
                <title>Parcels Public Shapefile</title>
                <onlink>https://socogis.sonomacounty.ca.gov/map/rest/services/CRAPublic/Parcels/FeatureServer/1</onlink>
            </citeinfo>
        </citation>
        <descript>
            <abstract>Refer to last_edited_date field for date of last publication.For official parcel records please contact the Sonoma County Assessor (707)565-1888. The GIS parcels have been and are continuing to be orthorectifed or improved to match the best available orthophotography. Improvement of the parcels is as follows; Individual Assessor Parcel pages in CAD dwg format are rectified to the orthophoto. COGO &amp;amp; survey data are used when available and in sufficient quantities to enable the bulk of an Assessor Parcel page to be digitized using said information. Polygons are generated directly from the COGO data, CAD dwg are exported to feature classes, where polygons are then generated. A spatial join is used to attribute the newly generated polygons. Polygons are then assigned an accuracy rank based on source, quality of the fit to the orthophoto, and RMS error encountered during rectification (only the Scanned Assessor map will have and RMS error associated with them, scanned assessor maps are no longer used but had been in the past) See the fields RANK and DESCRIPTION for information on fit assessment.</abstract>
            <purpose>GIS seamless parcel base is intended to support visualization, query and analysis of county land records.  </purpose>
        </descript>
        <keywords>
            <theme>
                <themekt>None</themekt>
                <themekey>Parcels</themekey>
            </theme>
        </keywords>
        <accconst>None</accconst>
        <useconst>None</useconst>
        <datacred>County of Sonoma GIS Central</datacred>
    </idinfo>
    <metainfo>
        <metd>20200311</metd>
        <metc>
            <cntinfo>
                <!--no contact person or organization name available-->
            </cntinfo>
        </metc>
        <metstdn>FGDC Content Standard for Digital Geospatial Metadata</metstdn>
        <metstdv>FGDC-STD-001-1998</metstdv>
        <mettc>local time</mettc>
    </metainfo>
</metadata>
